name,url
Samariterverein Aadorf,http://www.samariter-aadorf.ch
Samariterverein Aargau West,None
Samariterverein Aarberg,None
Samariterverein Aarwangen-Schwarzhaeusern,None
Samariterverein Abtwil-Engelburg,http://www.svae.ch
Sezione samaritana Acquarossa-Serravalle,None
Samariterverein Adelboden,None
Samariter Adligenswil-Udligenswil,None
Samariterverein Aedermannsdorf,None
Samariterverein Aesch,None
Samariterverein AeschPlus,None
Samariterverein Affoltern I. E.,None
Samariterverein Ägerital,http://www.samariterverein-aegerital.ch
Sezione samaritana Agno,None
Section de samaritains Aigle-Yvorne,None
Sezione samaritana Airolo,None
Samariterverein Albligen,None
Samariterverein Allschwil,None
Samariterverein Alpnach,http://www.samariteralpnach.ch
Sezione samaritani Alta Mesolcina,None
Samariterverein Altendorf,http://samariterverein-altendorf.ch
Samariterverein Alterswil,None
Samariterverein Altnau U. Umgebung,None
Samariterverein Altstätten,http://www.samariterverein-altstaetten.ch
Sezione samaritana Ambri-Piotta,http://www.samaritaniap.ch/
Samariterverein Amden,None
Samariterverein Amsoldingen und Umgebung,None
Samariterverein Andelfingen und Umgebung,http://www.samariter-wyland.ch
Samariterverein Ursern,None
Samariterverein Andwil-Arnegg,None
Samariterverein Anwil,None
Samariterverein Appenzell,http://www.samariter-appenzell.info
Sezione samaritana Arbedo,None
Samariterverein Arbon,http://www.samariter-arbon.ch
Samariterverein LORA,http://www.samariter-lora.ch
Samariterverein Arth-Goldau,http://www.samariter-arth-goldau.ch
Sezione samaritana Croce Verde Ascona,http://www.samaritaniascona.ch
Section de samaritains Attalens,None
Samariterverein Attinghausen,None
Samariterverein Attiswil,None
Samariterverein Au-Heerbrugg,http://www.samariter-au-heerbrugg.ch
Section de samaritains Coeur de la Côte,None
Samariterverein Ausserberg,None
Section de samaritains Avenches et Environs,None
Samariterverein Avers,None
Samariterverein Baar,http://www.samariterverein-baar.ch
Samariterverein Baden,http://www.samariter-baden.ch
Samariterverein Balgach,http://www.samariter-Balgach.ch
Samariterverein Ballwil,None
Samariterverein Balzers,None
Samariterverein Bäretswil,None
Samariterverein Kleinbasel,http://www.samariter-kleinbasel.ch.
Section de samaritains Bassecourt,None
Samariterverein Bassersdorf-Nürensdorf,None
Samariterverein Untere Emme,http://www.samariter-untere-emme.ch
Samariterverein Bauen,None
Samariterverein Bauma - Sternenberg,None
Samariterverein Bazenheid-Lütisburg,None
Samariterverein Beckenried,None
Sezione samaritana Gravesano-Bedano-Manno,None
Section de samaritains Belfaux,None
Sezione samaritana Bellinzona Croce Verde,None
Samariterverein Bellwald,None
Section de samaritains Belmont-Broye,http://www.samaritains-belmontbroye.ch
Samariterverein Benken,None
Samariterverein Berg,None
Samariterverein Berg u. Umgebung TG,None
Samariterverein Berikon und Umgebung,http://www.samariterverein-berikon.ch
Samariterverein Beringen,None
Samariterverein Bern-Lorraine-Breitenrain,http://www.svlorraine-breitenrain.ch
Samariterverein Bern-Mitte,http://www.samariterbern.ch
Samariterverein Berneck,http://www.samariterverein-berneck.ch
Samariter Beromünster,None
Samariterverein Betten-Bettmeralp,None
Samariterverein Bettwil,None
Sezione samaritana Biasca,None
Samariterverein Biberist,None
Samariterverein Bichelsee-Balterswil-Eschlikon,None
Samariterverein Biel-Stadt,None
Samariterverein Biel-Benken,http://www.samariter-biel-benken.ch
Samariterverein Biel-Madretsch,None
Samariterverein Biglen,None
Samariterverein Bilten,None
Samariterverein Binningen,http://www.samariter-binningen.ch
Samariterverein Birmensdorf und Umgebung,http://www.svbirmensdorf.ch
Samariterverein Birmenstorf,None
Samariterverein Birsfelden,None
Samariterverein Bischofszell u. Umgebung,None
Sezione samaritana Blenio,None
Samariterverein Blumenstein u. Umgebung,http://www.samariter-blumenstein.ch
Sezione samaritani Bodio-Personico-Pollegio,None
Samariterverein Bolligen,None
Samariterverein Bonaduz/Rhäzüns,https://www.samariter-br.ch
Samariterverein Bonstetten-Wettswil,None
Samariterverein Bösingen,None
Samariterverein Boswil und Umgebung,http://www.samariter-boswil.ch
Section de samaritains La Côte Boudry,http://www.samalacote.ch
Samariterverein Braunwald,None
Samariterverein Breil/Brigels,None
Samariterverein Breitenbach und Umgebung,None
Samariterverein Bremgarten AG,http://www.samariter-bremgarten.ch
Section de samaritains de la Vallée de La Brévine,http://www.samaritains-valléedelabrévine.ch
Samariterverein Brienz und Umgebung,None
Samariterverein Brienzwiler,None
Samariterverein Brig-Glis,http://www.samariter-brig-glis.ch
Samariterverein Brittnau,None
Section des Samaritains de Broc et de Gruyères,None
Samariterverein Brugg,http://www.samariter-brugg.ch
Samariterverein Brunnadern / Oberhelfenschwil,http://www.samariter-sgfl.ch/content/vereine/detail/42
Samariterverein Brunnen-Ingenbohl,http://samariter-brunnen-ingenbohl.ch
Samariterverein Fünflibertal,None
Samariterverein Bubikon,http://www.samariterverein-bubikon.ch
Samariterverein Buchberg-Rüdlingen,None
Samariterverein Buchrain,http://www.samariter-buchrain.ch
Samariterverein Buchs SG,None
Samariterverein Buchs ZH,http://www.samariterverein-buchs-zh.ch
Samariterverein Buchsibärge,None
Samariterverein Büetigen und Umgebung,None
Samariterverein Bühler,None
Samariterverein Bülach,http://www.abc-samariter.ch
Section de samaritains Bulle et Environs,http://www.sama-bulle.ch/section-sama-bulle
Samariterverein Bümpliz,http://www.samariterverein-buempliz.ch
Samariterverein Buochs,http://www.samariter-buochs.ch
Samariterverein Bürchen,None
Samariterverein Oberdorf-Büren,http://www.samariter-oberdorf.ch
Samariterverein Büren an der Aare,http://www.samariter-bueren.ch
Samariterverein Burgdorf,http://www.samariter-burgdorf.ch
Samariterverein Bürglen TG,None
Samariterverein Bürglen UR,None
Samariterverein Büron u. Umgebung,http://www.samariter-bueron.ch
Samariterverein Buttisholz,https://samariter-buttisholz.ch
Sezione samaritana Regionale - Cadro e Dintorni,None
Sezione samaritana Campione d'Italia,None
Sezione samaritana Canobbio,None
Société des samaritains de Carouge,https://www.carouge.ch/samaritains
Sezione samaritana Bregaglia,None
Sezione samaritana Caslano,None
Sezione samaritana Castagnola-Cassarate,None
Sezione samaritana Castel San Pietro,None
Sezione samaritana Castione,None
Sezione samaritana Cavergno,None
Samariterverein Celerina,None
Samariterverein Cham,None
Section de samaritains Val-de-Charmey et Env.,http://www.samaritains-charmey.ch
Section de samaritains Châtel-St. Denis,None
Section de samaritains La Chaux-de-Fonds,http://www.samaritains-cdf.ch
Section de samaritains Chavornay,https://www.samaritains-chavornay.ch/
Section de samaritains Trois-Chêne,https://www.samatc.ch/
Section de samaritains Cheseaux et Environs,http://www.samaritains-cheseaux.ch
Sezione samaritana Chiasso,None
Samariterverein Chur,http://www.samariter-chur.ch
Sezione samaritana Claro,None
Sezione samaritana Coldrerio,None
Section de samaritains Collombey-Muraz,None
Section de samaritains Collonge-Bellerive,None
Sezione samaritana Comano,http://www.samaritani-comano.ch
Section de samaritains Conthey,None
Section des Samaritains La Venoge,None
Section de samaritains Courtepin,None
Section de samaritains Courtion,None
Section de samaritains du Grand-Bisse,None
Section de samaritains Cugy,None
Samariter DagmersellenPlus,http://www.samariter-dplus.ch
Sezione samaritana Prato-Dalpe,None
Samariterverein Davos,None
Samariterverein Degersheim,None
Samariterverein Deitingen,http://www.samariter-deitingen.ch
Samariterverein Diegten und Umgebung,None
Samariterverein Dielsdorf-Regensberg,http://www.abc-samariter.ch
Samariterverein Diepoldsau,None
Samariterverein Diessenhofen,http://www.samariter-diessenhofen.ch.vu
Samariterverein Dietlikon,None
Samariterverein Dietwil,http://www.samariter-dietwil.ch
Samariterverein Dintikon,None
Samariterverein Disentis Muster,None
Samariterverein Dorneckberg,None
Samariterverein Dottikon,None
Samariterverein Drei Höfe Winistorf,None
Samariterverein Dübendorf,http://www.samariter-duebendorf.ch
Samariterverein Düdingen,None
Samariterverein Dulliken,http://www.samariterverein-dulliken.ch
Samariterverein Dürnten-Wald,http://www.samariter-duernten-wald.ch
Samariterverein Dürrenroth,http://samariter-duerrenroth.ch
Samariterverein Dussnang-Oberwangen,None
Samariterverein Ebikon,None
Samariterverein Ebnat-Kappel,http://www.samariter-ebnatkappel.ch
Section de samaritains Echallens et Environs,None
Section de samaritains Ecublens,None
Samariterverein Egg-Mönchaltorf,http://www.samariterverein-egg-moenchaltorf.ch
Samariterverein Eggersriet,None
Samariterverein Eggiwil,None
Samariterverein Ehrendingen,None
Samariterverein Eich,http://www.samariterverein-eich.ch
Samariterverein Eichberg,None
Samariterverein Einsiedeln,http://www.samariter-einsiedeln.ch
Samariterverein Eischoll,None
Samariterverein Elgg und Umgebung,None
Samariterverein Embd-Kalpetran,None
Samariterverein Embrachertal,http://www.abc-samariter.ch
Samariterverein Emmen,http://www.samariter-emmen.ch
Samariterverein Engelberg,http://www.samariter-engelberg.ch
Samariterverein Ennenda,http://www.samariter-ennenda.ch
Samariterverein Ennetbürgen,http://www.samariterverein-ennetbuergen.ch
Samariterverein Ennetmoos,http://www.samariter-ennetmoos.ch
Samariterverein Entlebuch,http://www.samariterverein-entlebuch.ch
Section de samaritains d'Entremont,None
Samariterverein Eriz,None
Samariterverein Erlen und Umgebung,None
Samariterverein Erlenbach I. S.,None
Samariterverein Ermatingen,None
Samariterverein Erstfeld,None
Samariterverein Liechtensteiner Unterland,http://www.svlu.li
Samariterverein Eschenbach U. Umgebung,http://www.samariter-eschenbach.ch
Samariterverein Escholzmatt-Marbach,http://www.samariter-marbach.ch
Section de samaritains Estavayer-le-Lac,None
Samariterverein Fahrwangen-Meisterschwanden,None
Samaritans Falera/Laax,None
Section de samaritains Faoug,None
Section de samaritains Farvagny et Environs,http://www.samafarvagny.ch/
Samariterverein Schams,None
Samariterverein Fideris,None
Samariterverein Filisur,None
Samariterverein Siselen-Finsterhennen,http://www.samariter-siselen-finsterhennen.ch
Samariterverein Fischenthal,None
Samariterverein Fislisbach,None
Samariterverein Flaachtal,http://www.samariter-wyland.ch
Samariterverein Flawil,http://www.samariter-flawil.ch
Samariterverein Flims,None
Samariterverein Flüelen,None
Samariterverein Flühli-Sörenberg,None
Samariterverein Flums,http://www.samariter-flums.ch
Samariterverein Flurlingen,http://www.samariter-wyland.ch
Samariter Fraubrunnen u. Umgebung,http://www.samariter-fraubrunnen.ch
Samariterverein Frauenfeld,http://www.samariter-frauenfeld.ch
Samariter Freiamt+,http://www.samariter-freiamt.ch
Samariterverein Freienbach und Umgebung,http://www.samariter-freienbach.ch
Samariterverein Frenkendorf-Füllinsdorf,http://www.samariter-ff.ch
Section de samaritains Fribourg,http://sama-fr.ch/
Samariterverein Frick,None
Samariterverein Fulenbach,http://www.samariterverein-fulenbach.ch
Section de samaritains Fully,None
Samariterverein Gadmental,None
Samariterverein Gais,None
Samariterverein Gampelen,None
Samariterverein Gams,None
Samariterverein Gansingen-Mettauertal,None
Samariterverein Gebenstorf,http://www.samariter-gebenstorf.ch
Samariterverein Gelterkinden und Umgebung,None
Section de samaritains Genève,None
Samariterverein Gersau,None
Samariterverein Gipf-Oberfrick,None
Samariterverein Giswil,http://www.samariter-giswil.ch
Section de samaritains La Serine,http://www.sama-la-serine.ch
Samariterverein Glarus-Riedern,http://www.sv-glarus-riedern.ch
Samariterverein Goldach-Mörschwil-Untereggen,http://www.samariter-goldach.ch
Samariterverein Goldiwil-Schwendibach,None
Samariterverein Uznach-Gommiswald-Ernetschwil,http://www.samverein.ch
Samariterverein Gonten,http://www.samariterverein-gonten.ch
Samariterverein Gontenschwil-Zetzwil,None
Sezione samaritani Bassa Vallemaggia,None
Samariterverein Gossau SG,http://www.samariter-gossau.ch
Samariterverein Gossau ZH,http://www.samariterverein-gossau-zh.ch
Samariterverein Gottstatt,None
Samariterverein Grabs,http://www.samariter-grabs.ch
Samariterverein Grächen,None
Section de samaritains Grand-Saconnex,http://www.samaritainsgrandsaconnex.sitew.ch
Samariterverein Grenchen u.U.,None
Samariterverein Grengiols,None
Samariterverein Grindelwald,http://www.samariter-grindelwald.ch
Section de samaritains Grône,None
Samariterverein Grossaffoltern,http://www.samariter-grossaffoltern.ch
Samariterverein Grossdietwil-Altbüron,None
Samariterverein Oberes Kiesental,http://www.sv-ok.ch
Samariterverein Grosswangen,None
Samariterverein Grub,None
Samariterverein Grünenmatt,None
Samariterverein Grüningen,None
Samariterverein Saanenland,None
Samariterverein Gurmels,http://www.sv-gurmels.ch/
Samariterverein Gurtnellen,None
Samariterverein Guttannen,None
Samariterverein Habkern,None
Samariterverein Hägendorf und Umgebung,None
Samariterverein Häggenschwil,None
Samariterverein Hasle-Rüegsau-Oberburg,None
Samariterverein Nidfurn-Haslen-Leuggelbach,None
Samariterverein Hasliberg,http://samariter-hasliberg.ch/
Samariterverein Hauptwil-Gottshaus,None
Section de samaritains du Haut-Lac,None
Section de samaritains Haute-Veveyse / Glâne-Sud,http://www.samaritains-hvgs.ch
Samariterverein Hedingen,http://www.svhedingen.ch
Samariterverein Heimberg,https://www.samariter-heimberg.ch/
Samariterverein Heitenried,https://www.samariter-heitenried.com
Samariterverein Hemberg u.U.,None
Samariterverein Herbetswil,None
Samariterverein Herdern u. Umgebung,http://www.samariter-herdern.ch
Samariterverein Lopper,http://www.samariter-lopper.ch
Samariterverein Herisau,None
Samariter Staffeleggtal,http://www.samariter-staffeleggtal.ch
Samariterverein Herzogenbuchsee u. Umgebung,http://www.samariter-herzogenbuchsee.ch
Samariterverein Hettlingen-Dägerlen-Seuzach,None
Samariterverein Hildisrieden,None
Samariterverein Hindelbank,None
Samariterverein Hinwil,http://www.samariterverein-hinwil.ch
Samariterverein Hitzkirch,http://www.samariter-hitzkirch.com
Samariterverein Hochdorf und Umgebung,http://www.samariterverein-hochdorf.ch
Samariterverein Holderbank,None
Samariterverein Hölstein,None
Samariterverein Hombrechtikon,None
Samariterverein Horgen,None
Samariterverein Höri,http://www.abc-samariter.ch
Samariterverein Horn-Tübach,http://www.samariter-horn.ch
Samariterverein Hundwil,None
Samariterverein Hüntwangen-Wil,http://www.abc-samariter.ch
Samariterverein Huttwil u. Umgebung,http://www.samariter-huttwil.ch
Samariterverein Seebachtal Hüttwilen,http://www.samariterverein-huettwilen.ch
Samariterverein Illnau Effretikon,http://www.samariter-effretikon.ch
Samariterverein Innertkirchen,http://www.samariter-innertkirchen.ch
Samariterverein Ins und Umgebung,http://samariter-ins.ch
Samariterverein Interlaken u. Umgebung,http://svinterlaken.cloudrexx.com/de/
Samariterverein Inwil,http://www.samariter-inwil.ch
Samariterverein Isenthal,None
Section de samaritains La Faraz,None
Samariterverein Jaun-Im Fang-Abländschen,None
Samariterverein Kaiseraugst,None
Samariterverein Kallnach-Niederried,None
Samariterverein Kehrsatz,http://www.samariter-kehrsatz.ch
Samariterverein Kelleramt,http://www.svkelleramt.ch
Samariterverein Kemptthal u. Umgebung,None
Samariterverein Kerenzerberg,None
Samariterverein Kerns,http://www.samariter-kerns.ch
Samariterverein Kerzers und Umgebung,https://www.samariterkerzers.ch/
Samariterverein Kirchberg SG,http://www.samariter-kirchberg-gaehwil.ch
Samariterverein Kirchdorf und Umgebung,None
Samariterverein Kleinlützel,None
Samariterverein Kloten,http://www.abc-samariter.ch
Samariter Konolfingen,https://www.samariter-konolfingen.ch
Samariterverein Koppigen u. Umgebung,None
Samariterverein Krauchthal,None
Samariterverein Kreuzlingen,http://www.samariter-kreuzlingen.ch
Samariter Kriens-Horw,http://www.samariter-kriens-horw.ch
Samariterverein Kulm,http://samaritervereinkulm.ch/
Samariterverein Küsnacht,None
Samariterverein Bezirk Küssnacht am Rigi,http://www.samariterverein-kuessnacht.ch
Section de samaritains L'Intyamon,None
Section de samaritains de la Vallée d'Illiez,None
Samariterverein Lachen,http://www.samariter-lachen.jimdo.com
Samariterverein Lalden,None
Section de samaritains Lancy,None
Samariterverein Falknis,None
Samariterverein Langnau i.E. BE,https://samariterverein-langnau-im-emmental.ch/
Samariterverein Langnau LU,None
Samariterverein Läufelfingen,None
Samariterverein Laufen,http://www.samariter-laufen.ch/
Samariterverein Laupen,None
Samariterverein Laupersdorf,None
Section de samaritains Lausanne-Mixte,http://www.lausanne-mixte.ch
Samariterverein Lausen,None
Samariterverein Lauterbrunnen,None
Section des samaritains Lavaux,None
Sezione samaritana Lavizzara,None
Section des Samaritains SIG,None
Section de samaritains Loclois,None
Section de samaritains Plateau du Mouret,None
Section de samaritains Le Noirmont,None
Samariterverein Leimental,None
Samariterverein Leissigen,None
Samariterverein Lengnau AG,http://www.samariterverein-lengnau.ch
Samariterverein Lenk,None
Section de samaritains Lentigny et Environs,None
Samariterverein Lenzburg und Umgebung,http://www.samariter-lenzburg.ch
Section de samaritains Les Breuleux,None
Section de samaritains Les Grands Rocs,http://www.lesgrandsrocs.ch
Section de samaritains Les Verrieres,None
Samariterverein Leuk,https://samaritervereinleuk.clubdesk.com/
Samariterverein Leukerbad,None
Section de samaritains Leysin,None
Samariterverein Lichtensteig,None
Samariterverein Liestal,None
Samariterverein Limpachtal,None
Samariterverein Linden,None
Samariterverein Linthli,None
Sezione samaritana Loco e Dintorni,None
Sezione samaritana Lodrino-Prosito,None
Samariterverein Lohn-Ammannsegg,http://www.samariterverein-lohn-ammannsegg.ch
Samariterverein Lötschental,None
Sezione samaritani Lugano,None
Sezione samaritana Lumino,None
Uniun samaritana Lumnezia,http://www.samaritans-lumnezia.ch
Samariter Lungern & Sachseln,None
Samariterverein Lustdorf-Thundorf,None
Section de samaritains Lutry,http://www.samaritains-lutry.ch
Samariterverein Lützelflüh-Goldbach,http://www.samariter-luetzel.ch
Samariterverein Lutzenberg,http://www.samariter-lutzenberg.ch
Samariterverein Luzern Pilatus,http://www.samariterverein-luzern.ch
Samariterverein Luzern SRK,http://www.samariter-luzern-srk.ch
Samariterverein Madiswil,http://www.samariter-madiswil.ch
Samariterverein Mägenwil,None
Samariterverein Maienfeld,http://www.samariter-maienfeld.ch
Samariterverein Malters-Schachen,http://www.samariter-malters.ch
Samariterverein Mammern-Eschenz,http://www.samariter-mammern-eschenz.ch
Samariterverein Männedorf-Stäfa,http://www.sv-maennedorf-staefa.ch
Samariterverein Marbach SG,http://www.samariterverein-marbach.ch
Section de samaritains Marly et Environs,None
Samariterverein Märstetten und Umgebung,http://www.sv-maerstetten.ch
Section de samaritains Martigny,None
Sezione Samaritani Massagno,None
Section de samaritains Massongex,None
Samariterverein Matzingen-Stettfurt,http://www.samariterverein-matzingen-stettfurt.ch
Samariterverein Maur,http://www.samariterverein-maur.ch
Samariterverein Medel,None
Samariterverein Meggen,http://samaritervereinmeggen.ch
Samariterverein Meilen-Herrliberg,http://www.samaritermeilen.ch
Samariterverein Meinisberg,None
Samariterverein Meiringen,http://www.samariter-meiringen.ch
Samariterverein Melchnau,None
Samariterverein Mellingen,http://www.samariter-mellingen.ch
Samariterverein Mels,http://www.samaritermels.ch
Samariterverein Menzingen,http://www.samariter-menzingen.ch
Samariterverein Menznau,None
Samariterverein Merenschwand-Benzenschwil,None
Samariterverein Merligen,None
Samariterverein Messen u. Umgebung,None
Samariterverein Mettmenstetten u. Umgebung,http://www.svmettmi.ch
Section de samaritains Meyrin,http://www.samaritainsmeyrin.ch
Section de samaritains Milvignes-La Grande Béroche,None
Samariterverein Möhlin,None
Samariterverein Mittelschanfigg,None
Samariterverein Mollis,None
Section de samaritains Monthey Choëx,https://www.samasmc.ch
Samariterverein Schöftland,None
Samariterverein Mörel u. Umgebung,None
Section de samaritains Morges,http://www.samaritainsmorges.ch
Samariterverein Mosnang,None
Section de samaritains Haute-Broye Jorat,http://www.samaritains-hbj.ch
Section de samaritains Moutier,None
Samariterverein Mühleberg,None
Samariterverein Müllheim und Umgebung,None
Samariterverein Mümliswil-Ramiswil,None
Samariterverein Münchenbuchsee,http://www.samariter-muenchenbuchsee.ch
Samariterverein Münchwilen,http://www.samariter-muenchwilen.ch
Samariterverein Mund,None
Samariterverein Münsingen,http://www.samariter-muensingen.ch
Samariterverein Muntelier,None
Samariterverein Muolen,http://www.samariterverein-muolen.ch
Samariterverein Gimmelwald-Mürren,None
Samariterverein Val-Müstair,None
Samariterverein Muttenz,None
Samariterverein Näfels,None
Samariterverein Naters,http://www.samariter-naters.ch
Samariterverein Neerach Stadel Weiach,https://samariter-neerach.ch/
Section de samaritains Nendaz,None
Samariterverein Nesslau-Krummenau,http://www.samariter-nesslau-krummenau.com
Samariterverein Netstal,None
Section de samaritains Neuchâtel-Ville,http://www.samaritains-ne.ch
Samariterverein Neuenegg,http://www.samariter-neuenegg.ch
Samariterverein Neuhausen am Rheinfall,http://www.samariter-neuhausen.ch
Samariterverein Neuheim,None
Samariterverein Neukirch-Egnach,None
Chläggi Samariter,None
Section de samaritains Neyruz et environs,None
Samariterverein Niederbüren,https://www.samariter-niederbueren.ch/
Samariterverein Niedergesteln,None
Samariterverein Niedergösgen,None
Samariterverein Niederhasli,http://www.abc-samariter.ch
Samariterverein Niederscherli u. Umgebung,None
Samariterverein Niederweningen,http://www.abc-samariter.ch
Samariterverein Nottwil,None
Sezione samaritana Novazzano,None
Samariterverein Obersiggenthal,None
Section de samaritains Nyon,http://www.samaritains-nyon.ch
Samariterverein Oberbüren,http://www.samariter-oberbueren.ch
Samariterverein Oberdiessbach,http://www.samariter-oberdiessbach.ch
Samariter Waldenburgertal,None
Samariterverein Reute-Oberegg,http://www.samariter-reute-oberegg.ch
Samariterverein Oberkirch,None
Samariterverein Oberriet,http://www.samariter-oberriet.ch
Samariterverein Rohrdorf und Umgebung,None
Samariterverein Oberwil-Bottmingen,None
Samariterverein Oberwil I. S.,None
Samariterverein Oftringen,http://www.samof.ch
Section de samaritains Ollon,None
Section des samaritains Onex-Bernex-Confignon,http://www.samaritains-onex.ch
Section de samaritains Orbe,https://www.samaritainsorbe.com/
Samariterverein Ormalingen,None
Samariterverein Ostermundigen,None
Samariterverein Otelfingen u. Umgebung,None
Section de samaritains Payerne,None
Samariterverein Pfäfers,None
Samariterverein Pfäffikon SZ,http://www.samariter-pfaeffikon.ch
Samariterverein Pfäffikon ZH u. Umgebung,http://www.samariterverein-pfaeffikon.ch
Samariterverein Pfungen-Dättlikon-Neftenbach,http://www.samariter-pfu-dae-ne.ch
Samariterverein Pfyn,http://www.samariterverein-pfyn.jimdosite.com
Samariterverein Pieterlen,None
Samariterverein Plaffeien,http://www.samariter-plaffeien.jimdo.com
Section de samaritains Plan-les-Ouates,None
Samariterverein Pontresina,None
Section de samaritains Les Ponts-de-Martel,None
Section de samaritains Porrentruy,None
Sezione samaritana Valposchiavo,None
Sezione samaritana Preonzo,None
Samariterverein Rafz,http://www.abc-samariter.ch
Samariterverein Raperswilen u. Umgebung,None
Samariterverein Rapperswil-Jona,http://www.samariter-rj.ch
Samariterverein Rapperswil BE,http://www.samariter-rapperswil-be.ch
Samariterverein Raron,None
Samariterverein Rebstein,None
Samariterverein rechtes Zulgtal,http://www.sv-rechtes-zulgtal.ch
Samariterverein Regensdorf und Umgebung,http://www.samariter-regensdorf.ch
Samariterverein Region Goms,http://www.samariter-goms.ch
Samariterverein Rehetobel-Wald,http://www.samariter-rehetobel-wald.ch
Samariterverein Reichenbach,None
Samariterverein Reichenburg,http://www.samariter-reichenburg.ch
Samariterverein Reinach BL,http://www.samariter-reinach.ch
Samariterverein Rheineck,http://www.samariter-rheineck.ch
Samariterverein Richterswil-Samstagern,http://www.samariter-richterswil.ch
Samariterverein Rickenbach,http://www.sv-rickenbach.ch
Samariterverein Ried-Brig,http://www.sv-brigerberg.ch
Samariterverein Riehen,http://www.samariter-riehen.ch
Samariterverein Riggisberg - Thurnen,http://www.samariter-riggisberg.ch
Samariterverein Ringgenberg-Goldswil,None
Samariterverein Risch Rotkreuz,http://www.samariter-rotkreuz.ch
Sezione samaritana Riva San Vitale,None
Sezione samaritana Rivera-Alto Vedeggio,None
Samariterverein Roggwil BE,http://www.samaritervereinroggwil.ch
Samariterverein Rohrbach,None
Samariterverein Romanshorn,https://samariter-romanshorn.ch
Section de samaritains Romont,http://www.samaromont.ch
Samariterverein Root u. Umgebung,http://www.samariter-root.ch
Samariterverein Rorschach,http://www.samariter-rorschach.ch
Samariterverein Rothenburg,http://www.samariter-rothenburg.ch
Samariterverein Rothrist,None
Sezione samaritana Rovio,None
Samariterverein Rupperswil,None
Samariterverein Rüschegg,None
Samariterverein Rüthi SG,None
Samariterverein Rüti ZH,http://www.samariter-rueti.ch
Samariterverein Rüttenen,None
Samariterverein La Plaiv,None
Samariterverein Saastal,None
Samariterverein Saas i. Pr.,None
Samariterverein Safenwil,None
Samariterverein Salgesch,None
Section de samaritains Salvan,None
Samariterverein Salvenach u. Umgebung,http://samariter-salvenach.ch/
Samariterverein Samedan,http://www.samariterverein-samedan.ch
Samariterverein Samnaun,None
Sezione samaritana San Vittore,None
Samariterverein Sargans,http://www.samariter-sargans.ch
Samariterverein Sarmenstorf,None
Samariterverein Sarnen,http://www.samariter-sarnen.ch
Section de samaritains Savièse,https://samaritainssaviese.ch
Samariterverein Schaan,http://www.samariter.li
Samariterverein Schangnau,None
Samariterverein Schänis,None
Samariterverein Schindellegi-Feusisberg,http://www.samariter-schindellegi.ch
Samariterverein Schlatt,http://www.samariter-schlatt.ch
Samariterverein Schmerikon,http://www.samariterverein-schmerikon.ch
Samariterverein Schmitten,http://www.samariter-schmitten.ch
Samariterverein Schönenwerd,http://www.samariter-schönenwerd.ch
Samariterverein Schönholzerswilen,None
Samariterverein Schötz,http://www.samariter-schoetz.ch
Samariterverein Schupfart,None
Samariterverein Schüpfen,http://www.samariter-schuepfen.ch
Samariterverein Schüpfheim,None
Samariterverein Schwanden und Umgebung,None
Samariterverein Schwanden i. E.,None
Samariterverein Schwarzenburg,http://www.samariter-schwarzenburg.ch
Samariterverein Schwarzenegg,http://www.samariterverein-schwarzenegg.ch
Samariterverein Schwellbrunn,None
Schwyzer Samariter,http://www.schwyzer-samariter.ch
Samariterverein Scuol,http://www.samariter-scuol.ch
Samariterverein Sedrun-Tujetsch,None
Samariterverein Seedorf UR,None
Samariterverein Seelisberg,None
Samariterverein Seengen,None
Sezione samaritana Sementina,None
Samariter Sempach-Neuenkirch,None
Samariterverein Sennwald,None
Samariterverein Sent,None
Samariterverein Seon,None
Samariterverein Sernftal,http://www.samariter-sernftal.ch
Samariterverein Sevelen,http://www.samariterverein-sevelen.ch
Samariterverein Siebnen und Galgenen,http://www.samaria.ch
Section de samaritains Sierre région,http://sierre.assvr.ch
Samariterverein Signau,None
Samariterverein Sigriswil,None
Samariterverein Silenen,None
Samariterverein Sils im Domleschg,http://www.samariterverein-silsid.ch
Samariterverein Simplon-Gondo,None
Samariterverein Sins,http://www.samariter-sins.ch
Section des Samaritains des Sédunes,http://www.sama-sedunes.ch
Samariterverein Sirnach,None
Samariterverein Sisikon,None
Einsatzsamariter Sissach,http://www.einsatzsamariter.ch
Samariterverein Solothurn,http://www.samariterverein-solothurn.ch
Samariterverein Speicher,None
Samariterverein Spiez,None
Samariterverein Spiringen,None
Samariterverein Spreitenbach,None
Section de samaritains St-Prex,None
Section de samaritains St. Imier,http://www.sama-saint-imier.ch
Section de samaritains St-Maurice,http://www.sama-stmoss.ch
Samariterverein St. Antoni,None
Section de samaritains St-Blaise,None
Samariterverein St. Gallen-Winkeln,https://svsgw.clubdesk.com/
Samariterverein St. Margrethen,http://www.samariterverein-stmargrethen.ch
Samariterverein St. Moritz-Sils-Silvaplana,http://www.samaritervereinstmoritz.ch
Samariterverein St. Niklaus,None
Samariterverein St. Stephan,http://www.sv-ststephan.ch
Samariterverein St. Ursen,None
Sezione samaritana Stabio,http://www.samaritanistabio.ch
Samariterverein Stalden,None
Samariterverein Staldenried,None
Samariterverein Stallikon-Aeugst,http://www.samariter-stallikon.ch
Samariterverein Stammheim und Umgebung,http://www.samariter-wyland.ch
Samariterverein Stans,http://www.samariterverein-stans.ch
Section de samaritains Ste Croix,None
Samariterverein Steg,None
Samariterverein Stein am Rhein,http://www.samariter-steinamrhein.ch
Samariterverein Stein AR,None
Samariterverein Stein SG,None
Samariterverein Steinach,None
Samariterverein Steinen/Steinerberg,http://www.samariter-steinen-steinerberg.ch
Samariterverein Steinhausen,http://www.samariter-steinhausen.ch
Samariterverein Steinmaur Bachs Oberes Wehntal,http://www.abc-samariter.ch
Samariterverein Strättligen,None
Samariterverein Strengelbach,None
Samariterverein Subingen,None
Samariterverein Rheinwald (Splügen),None
Samariterverein Sulz,None
Samariterverein Sumvitg-Trun,None
Samariterverein Sursee,http://www.samariter-sursee.ch
Samariterverein Tafers,http://www.samariter-tafers.ch
Samariterverein Tägerwilen,None
Samariterverein Täuffelen und Umgebung,None
Section de samaritains Tavannes - Malleray et envi,None
Sezione samaritana Tenero-Contra e Circolo,http://www.samaritani-tenero.ch
Samariterverein Teufen,None
Samariterverein Linke Zulg,https://samariter-linkezulg.ch/
Samariterverein Staad-Altenrhein-Thal,http://www.samariter-s-a-t.ch
Samariterverein Region Thalwil,http://www.samariter-regionthalwil.ch
Samariterverein Thayngen,http://www.samariterverein-thayngen.ch
Samariterverein Therwil,http://www.samariter-therwil.ch
Samariterverein Thun,http://www.samariter-thun.ch
Samariterverein Delta,None
Samariterverein Thusis,http://www.samariter-thusis.ch
Samariterverein Törbel,None
Section de samaritains Tramelan,None
Samariterverein Triesen,http://www.samariter-triesen.li
Samariterverein Triesenberg,None
Samariterverein Trimmis,None
Samariterverein Trogen,http://www.samariter-trogen.ch
Samariterverein Trub,None
Samariterverein Trüllikon u. Umgebung,http://www.samariter-wyland.ch
Samariterverein Tschiertschen-Praden,None
Samariterverein Tuggen,http://www.samariter-tuggen.ch
Samariterverein Turbenthal und Umgebung,None
Samariterverein Turtmann,None
Samariterverein Ueberstorf,None
Samariterverein Uetendorf-Thierachern,None
Samariterverein Uetikon am See,None
Samariterverein Ufhusen,None
Samariterverein Ulmiz,None
Samariterverein Umiken,None
Samariterverein Unterbäch,None
Samariterverein Unteriberg,None
Samariterverein Unterschächen,None
Samariterverein Untersiggenthal,https://www.samariter-untersiggenthal.ch
Samariterverein Urdorf,http://www.samariter-urdorf.ch
Samariterverein Urnäsch,None
Samariterverein Kesswil Uttwil Dozwil,None
Samariterverein Uzwil u. Umgebung,http://www.samariterverein-uzwil.ch
Sezione samaritana Vacallo,None
Samariterverein Vaduz,http://www.samariter.li
Section de samaritains Val-de-Ruz-Centre,http://www.sama-vdrc.ch
Section de samaritains Fleurier-Couvet-Travers,None
Section de samaritains Môtiers,None
Section de samaritains Vallée de Joux,None
Samariterverein Vals,http://www.samariter-vals.ch
Samariterverein Vättis,None
Samariterverein Vaz/Obervaz,None
Section de samaritains Vernayaz,None
Section de samaritains Vernier,http://www.samaritains-vernier.ch
Section de samaritains Versoix et Environs,http://www.samaritainsversoix.com
Section de samaritains Vevey,http://www.samaritains-vevey.ch
Samariterverein Pizol,None
Samariterverein Visp,http://www.samariterverein-visp.com
Samariterverein Visperterminen,None
Samariterverein Volketswil,http://www.samariter-zo.ch/volketswil.html
Samariterverein Vordemwald,None
Section de samaritains Vully,None
Samariterverein Wädenswil,http://www.samariter-waedi.ch
Samariterverein Wald ZH,http://www.samariterwald.ch
Samariterverein Waldkirch-Bernhardzell,http://www.samariter-waldkirch.ch
Samariterverein Walkringen,None
Samariterverein Wallisellen,http://www.samariter8304.ch
Samariterverein Bühl-Walperswil,https://www.samariterbuehlwalperswil.ch
Samariterverein Waltensburg/Vuorz/Andiast,None
Samariterverein Walterswil,None
Samariterverein Wangen-Brüttisellen,None
Samariterverein Wängi,http://www.samariterverein-wängi.ch
Samariterverein Wartau,http://www.samariterverein-wartau.ch
Samariterverein Wassen,None
Samariterverein WABU und Umgebung,None
Samariterverein Wattwil,http://www.samariterverein-wattwil.ch
Samariterverein Wegenstetten,None
Samariter Seegemeinden,http://www.samariter-seegemeinden.ch
Samariterverein Weinfelden,http://www.samariter-weinfelden.ch
Samariterverein Weissbad-Brülisau,None
Samariterverein Weisslingen-Kyburg,http://www.samariter-weisslingen.ch
Samariterverein Weisstannen,None
Samariterverein Welschenrohr,None
Samariterverein Wengi-Ruppoldsried,http://www.samariter-wengi-ruppoldsried.ch
Samariterverein Wenslingen-Oltingen,None
Samariterverein Wettingen-Dorf,None
Samariterverein Wetzikon - Seegräben,http://www.samariterverein-wetzikon.ch
Samariterverein Wichtrach,None
Samariterverein Widnau,http://www.samariter-widnau.ch
Samariterverein Aare-Jurasüdfuss,http://www.sv-aarejurasuedfuss.ch
Samariterverein Wiesendangen u. Umgebung,None
Samariterverein Wil und Umgebung SG,http://www.samariter-wil.ch
Samariterverein Wila,None
Samariterverein Wildhaus - Alt St. Johann,http://www.samariter-wildhaus-altstjohann.ch
Samariterverein Wimmis,None
Samariterverein Oberwinterthur,http://www.samariter-oberwinterthur.ch
Samariterverein Winterthur-Seen,http://www.samariterverein.ch
Samariterverein Winterthur-Stadt,http://www.samariterverein.ch
Samariterverein Winterthur-Wülflingen,http://www.samariterverein.ch
Samariterverein Wittenbach,None
Samariterverein Wittnau,http://www.samariter-wittnau.ch
Samariterverein Wohlen,http://www.samariter-wohlen.ch
Samariterverein Wohlen-Meikirch,None
Samariterverein Wolfenschiessen,http://www.svwolfenschiessen.ch
Samariterverein Wolfhalden,None
Samariterverein Wölflinswil-Oberhof,None
Samariterverein Wolfwil,http://www.samariter-wolfwil.ch
Samariterverein Wolhusen-Werthenstein,None
Samariterverein Wollerau,http://www.samariterverein-wollerau.ch
Samariterverein Worb,http://www.samariter-worb.ch
Samariterverein Worben,None
Samariterverein Wünnewil,https://www.samariter-wuennewil.ch/
Samariterverein Würenlingen,None
Samariterverein Würenlos,http://www.samariter-wuerenlos.ch
Samariterverein Wynau,None
Samariterverein Wynigen und Umgebung,http://www.samariter-wynigen.ch
Section de samaritains Nord Vaudois,None
Samariterverein Zeihen,None
Samariterverein Zeiningen,None
Samariterverein Zell,None
